match,group,is_participating,start,end,content
1,0,yes,0,66,A  A1.0-0  - This is a Test A10 (extra spaces in sheet number).pdf
1,1,yes,0,9,A  A1.0-0
1,2,yes,0,1,A
1,3,yes,3,9,A1.0-0
1,4,yes,9,13,  - 
1,5,yes,13,66,This is a Test A10 (extra spaces in sheet number).pdf
1,6,yes,13,32,This is a Test A10 
1,7,yes,32,62,(extra spaces in sheet number)
1,8,yes,62,66,.pdf
2,0,yes,67,133,A  A1.0-0  - This is a Test A10 (extra spaces in sheet number).pdf
2,1,yes,67,76,A  A1.0-0
2,2,yes,67,68,A
2,3,yes,70,76,A1.0-0
2,4,yes,76,80,  - 
2,5,yes,80,133,This is a Test A10 (extra spaces in sheet number).pdf
2,6,yes,80,99,This is a Test A10 
2,7,yes,99,129,(extra spaces in sheet number)
2,8,yes,129,133,.pdf
3,0,yes,134,202,A 1.5-0 - This is a Test Test A15 (missing building extra space).pdf
3,1,yes,134,141,A 1.5-0
3,2,yes,134,135,A
3,3,yes,136,141,1.5-0
3,4,yes,141,144, - 
3,5,yes,144,202,This is a Test Test A15 (missing building extra space).pdf
3,6,yes,144,168,This is a Test Test A15 
3,7,yes,168,198,(missing building extra space)
3,8,yes,198,202,.pdf
4,0,yes,203,249,A A2-0-0 - This is a Test A20 (extra dash).pdf
4,1,yes,203,211,A A2-0-0
4,2,yes,203,204,A
4,3,yes,205,211,A2-0-0
4,4,yes,211,214, - 
4,5,yes,214,249,This is a Test A20 (extra dash).pdf
4,6,yes,214,233,This is a Test A20 
4,7,yes,233,245,(extra dash)
4,8,yes,245,249,.pdf
5,0,yes,250,308,A A3.0-0- This is a Test Test A30 (sheet name changed).pdf
5,1,yes,250,259,A A3.0-0-
5,2,yes,250,251,A
5,3,yes,252,259,A3.0-0-
5,4,yes,259,260, 
5,5,yes,260,308,This is a Test Test A30 (sheet name changed).pdf
5,6,yes,260,284,This is a Test Test A30 
5,7,yes,284,304,(sheet name changed)
5,8,yes,304,308,.pdf
6,0,yes,309,382,A A4-0-0 -This is a Test Test A40 (sheet name changed and added dash).pdf
6,1,yes,309,317,A A4-0-0
6,2,yes,309,310,A
6,3,yes,311,317,A4-0-0
6,4,yes,317,319, -
6,5,yes,319,382,This is a Test Test A40 (sheet name changed and added dash).pdf
6,6,yes,319,343,This is a Test Test A40 
6,7,yes,343,378,(sheet name changed and added dash)
6,8,yes,378,382,.pdf
7,0,yes,383,438,A5.0-0 - This is a Test Test A50 (missing building).pdf
7,1,yes,383,389,A5.0-0
7,2,no,-1,-1,
7,3,no,-1,-1,
7,4,yes,389,392, - 
7,5,yes,392,438,This is a Test Test A50 (missing building).pdf
7,6,yes,392,416,This is a Test Test A50 
7,7,yes,416,434,(missing building)
7,8,yes,434,438,.pdf
8,0,yes,439,510,A6-0-0- This is a Test Test A70 (missing building and added dashes).pdf
8,1,yes,439,446,A6-0-0-
8,2,no,-1,-1,
8,3,no,-1,-1,
8,4,yes,446,447, 
8,5,yes,447,510,This is a Test Test A70 (missing building and added dashes).pdf
8,6,yes,447,471,This is a Test Test A70 
8,7,yes,471,506,(missing building and added dashes)
8,8,yes,506,510,.pdf
9,0,yes,511,581,A7-0-0 - This is a Test Test A70 (missing building and added dash).pdf
9,1,yes,511,517,A7-0-0
9,2,no,-1,-1,
9,3,no,-1,-1,
9,4,yes,517,520, - 
9,5,yes,520,581,This is a Test Test A70 (missing building and added dash).pdf
9,6,yes,520,544,This is a Test Test A70 
9,7,yes,544,577,(missing building and added dash)
9,8,yes,577,581,.pdf
10,0,yes,582,649,A-A8-0-0- This is a Test A80x (extra dashes sheet name changed).pdf
10,1,yes,582,591,A-A8-0-0-
10,2,yes,582,583,A
10,3,yes,584,591,A8-0-0-
10,4,yes,591,592, 
10,5,yes,592,649,This is a Test A80x (extra dashes sheet name changed).pdf
10,6,yes,592,612,This is a Test A80x 
10,7,yes,612,645,(extra dashes sheet name changed)
10,8,yes,645,649,.pdf
11,0,yes,650,698,A-A30.0-0 - This is a Test A300 (extra file).pdf
11,1,yes,650,659,A-A30.0-0
11,2,yes,650,651,A
11,3,yes,652,659,A30.0-0
11,4,yes,659,662, - 
11,5,yes,662,698,This is a Test A300 (extra file).pdf
11,6,yes,662,682,This is a Test A300 
11,7,yes,682,694,(extra file)
11,8,yes,694,698,.pdf
12,0,yes,700,754,1A A1.0-1 this is a sheet name (this is a comment).PDF
12,1,yes,700,709,1A A1.0-1
12,2,yes,700,702,1A
12,3,yes,703,709,A1.0-1
12,4,yes,709,710, 
12,5,yes,710,754,this is a sheet name (this is a comment).PDF
12,6,yes,710,731,this is a sheet name 
12,7,yes,731,750,(this is a comment)
12,8,yes,750,754,.PDF
13,0,yes,755,785,A1.0a this is a sheet name.PDF
13,1,yes,755,760,A1.0a
13,2,no,-1,-1,
13,3,no,-1,-1,
13,4,yes,760,761, 
13,5,yes,761,785,this is a sheet name.PDF
13,6,no,-1,-1,
13,7,no,-1,-1,
13,8,no,-1,-1,
13,9,yes,761,781,this is a sheet name
13,10,yes,781,785,.PDF
14,0,yes,786,814,A1a this is a sheet name.PDF
14,1,yes,786,789,A1a
14,2,no,-1,-1,
14,3,no,-1,-1,
14,4,yes,789,790, 
14,5,yes,790,814,this is a sheet name.PDF
14,6,no,-1,-1,
14,7,no,-1,-1,
14,8,no,-1,-1,
14,9,yes,790,810,this is a sheet name
14,10,yes,810,814,.PDF
15,0,yes,815,856,A LT1.0-1  - - this is a - sheet name.PDF
15,1,yes,815,824,A LT1.0-1
15,2,yes,815,816,A
15,3,yes,817,824,LT1.0-1
15,4,yes,824,830,  - - 
15,5,yes,830,856,this is a - sheet name.PDF
15,6,no,-1,-1,
15,7,no,-1,-1,
15,8,no,-1,-1,
15,9,yes,830,852,this is a - sheet name
15,10,yes,852,856,.PDF
16,0,yes,857,887,A A1.0 this is a 10 sheet name
16,1,yes,857,863,A A1.0
16,2,yes,857,858,A
16,3,yes,859,863,A1.0
16,4,yes,863,864, 
16,5,yes,864,887,this is a 10 sheet name
16,6,no,-1,-1,
16,7,no,-1,-1,
16,8,no,-1,-1,
16,9,no,-1,-1,
16,10,no,-1,-1,
16,11,yes,864,887,this is a 10 sheet name
17,0,yes,888,921,A A1 this is a c10 sheet name.PDF
17,1,yes,888,892,A A1
17,2,yes,888,889,A
17,3,yes,890,892,A1
17,4,yes,892,893, 
17,5,yes,893,921,this is a c10 sheet name.PDF
17,6,no,-1,-1,
17,7,no,-1,-1,
17,8,no,-1,-1,
17,9,yes,893,917,this is a c10 sheet name
17,10,yes,917,921,.PDF
18,0,yes,922,953,AA A1.0-1a this is a sheet name
18,1,yes,922,932,AA A1.0-1a
18,2,yes,922,924,AA
18,3,yes,925,932,A1.0-1a
18,4,yes,932,933, 
18,5,yes,933,953,this is a sheet name
18,6,no,-1,-1,
18,7,no,-1,-1,
18,8,no,-1,-1,
18,9,no,-1,-1,
18,10,no,-1,-1,
18,11,yes,933,953,this is a sheet name
19,0,yes,955,983,A1.0-1a this is a sheet name
19,1,yes,955,962,A1.0-1a
19,2,no,-1,-1,
19,3,no,-1,-1,
19,4,yes,962,963, 
19,5,yes,963,983,this is a sheet name
19,6,no,-1,-1,
19,7,no,-1,-1,
19,8,no,-1,-1,
19,9,no,-1,-1,
19,10,no,-1,-1,
19,11,yes,963,983,this is a sheet name
20,0,yes,984,1016,A1.0-1a this is a sheet name.PDF
20,1,yes,984,991,A1.0-1a
20,2,no,-1,-1,
20,3,no,-1,-1,
20,4,yes,991,992, 
20,5,yes,992,1016,this is a sheet name.PDF
20,6,no,-1,-1,
20,7,no,-1,-1,
20,8,no,-1,-1,
20,9,yes,992,1012,this is a sheet name
20,10,yes,1012,1016,.PDF
21,0,yes,1017,1052,1A A1.0-1a this is a sheet name.pDf
21,1,yes,1017,1027,1A A1.0-1a
21,2,yes,1017,1019,1A
21,3,yes,1020,1027,A1.0-1a
21,4,yes,1027,1028, 
21,5,yes,1028,1052,this is a sheet name.pDf
21,6,no,-1,-1,
21,7,no,-1,-1,
21,8,no,-1,-1,
21,9,yes,1028,1048,this is a sheet name
21,10,yes,1048,1052,.pDf
22,0,yes,1054,1085,1A A1.0-1a this is a sheet name
22,1,yes,1054,1064,1A A1.0-1a
22,2,yes,1054,1056,1A
22,3,yes,1057,1064,A1.0-1a
22,4,yes,1064,1065, 
22,5,yes,1065,1085,this is a sheet name
22,6,no,-1,-1,
22,7,no,-1,-1,
22,8,no,-1,-1,
22,9,no,-1,-1,
22,10,no,-1,-1,
22,11,yes,1065,1085,this is a sheet name
23,0,yes,1086,1121,1A A1.0-1a this is a sheet name.PDF
23,1,yes,1086,1096,1A A1.0-1a
23,2,yes,1086,1088,1A
23,3,yes,1089,1096,A1.0-1a
23,4,yes,1096,1097, 
23,5,yes,1097,1121,this is a sheet name.PDF
23,6,no,-1,-1,
23,7,no,-1,-1,
23,8,no,-1,-1,
23,9,yes,1097,1117,this is a sheet name
23,10,yes,1117,1121,.PDF
24,0,yes,1122,1154,11A A1.0-1a this is a sheet name
24,1,yes,1122,1133,11A A1.0-1a
24,2,yes,1122,1125,11A
24,3,yes,1126,1133,A1.0-1a
24,4,yes,1133,1134, 
24,5,yes,1134,1154,this is a sheet name
24,6,no,-1,-1,
24,7,no,-1,-1,
24,8,no,-1,-1,
24,9,no,-1,-1,
24,10,no,-1,-1,
24,11,yes,1134,1154,this is a sheet name
25,0,yes,1155,1191,1AA A1.0-1a this is a sheet name.PDF
25,1,yes,1155,1166,1AA A1.0-1a
25,2,yes,1155,1158,1AA
25,3,yes,1159,1166,A1.0-1a
25,4,yes,1166,1167, 
25,5,yes,1167,1191,this is a sheet name.PDF
25,6,no,-1,-1,
25,7,no,-1,-1,
25,8,no,-1,-1,
25,9,yes,1167,1187,this is a sheet name
25,10,yes,1187,1191,.PDF
26,0,yes,1193,1222,1 A1.0-1 this is a sheet name
26,1,yes,1193,1201,1 A1.0-1
26,2,yes,1193,1194,1
26,3,yes,1195,1201,A1.0-1
26,4,yes,1201,1202, 
26,5,yes,1202,1222,this is a sheet name
26,6,no,-1,-1,
26,7,no,-1,-1,
26,8,no,-1,-1,
26,9,no,-1,-1,
26,10,no,-1,-1,
26,11,yes,1202,1222,this is a sheet name
27,0,yes,1223,1258,11 A1.0-1a this is a sheet name.PDF
27,1,yes,1223,1233,11 A1.0-1a
27,2,yes,1223,1225,11
27,3,yes,1226,1233,A1.0-1a
27,4,yes,1233,1234, 
27,5,yes,1234,1258,this is a sheet name.PDF
27,6,no,-1,-1,
27,7,no,-1,-1,
27,8,no,-1,-1,
27,9,yes,1234,1254,this is a sheet name
27,10,yes,1254,1258,.PDF
28,0,yes,1259,1291,111 A1.0-1a this is a sheet name
28,1,yes,1259,1270,111 A1.0-1a
28,2,yes,1259,1262,111
28,3,yes,1263,1270,A1.0-1a
28,4,yes,1270,1271, 
28,5,yes,1271,1291,this is a sheet name
28,6,no,-1,-1,
28,7,no,-1,-1,
28,8,no,-1,-1,
28,9,no,-1,-1,
28,10,no,-1,-1,
28,11,yes,1271,1291,this is a sheet name
29,0,yes,1293,1322,A1.0 this is a sheet name.PDF
29,1,yes,1293,1297,A1.0
29,2,no,-1,-1,
29,3,no,-1,-1,
29,4,yes,1297,1298, 
29,5,yes,1298,1322,this is a sheet name.PDF
29,6,no,-1,-1,
29,7,no,-1,-1,
29,8,no,-1,-1,
29,9,yes,1298,1318,this is a sheet name
29,10,yes,1318,1322,.PDF
30,0,yes,1323,1350,A1 this is a sheet name.PDF
30,1,yes,1323,1325,A1
30,2,no,-1,-1,
30,3,no,-1,-1,
30,4,yes,1325,1326, 
30,5,yes,1326,1350,this is a sheet name.PDF
30,6,no,-1,-1,
30,7,no,-1,-1,
30,8,no,-1,-1,
30,9,yes,1326,1346,this is a sheet name
30,10,yes,1346,1350,.PDF
31,0,yes,1351,1382,A1.0-1 this is a sheet name.PDF
31,1,yes,1351,1357,A1.0-1
31,2,no,-1,-1,
31,3,no,-1,-1,
31,4,yes,1357,1358, 
31,5,yes,1358,1382,this is a sheet name.PDF
31,6,no,-1,-1,
31,7,no,-1,-1,
31,8,no,-1,-1,
31,9,yes,1358,1378,this is a sheet name
31,10,yes,1378,1382,.PDF
32,0,yes,1383,1415,A1.0-1a this is a sheet name.PDF
32,1,yes,1383,1390,A1.0-1a
32,2,no,-1,-1,
32,3,no,-1,-1,
32,4,yes,1390,1391, 
32,5,yes,1391,1415,this is a sheet name.PDF
32,6,no,-1,-1,
32,7,no,-1,-1,
32,8,no,-1,-1,
32,9,yes,1391,1411,this is a sheet name
32,10,yes,1411,1415,.PDF
33,0,yes,1417,1446,CS1.0 this is a 10 sheet name
33,1,yes,1417,1422,CS1.0
33,2,no,-1,-1,
33,3,no,-1,-1,
33,4,yes,1422,1423, 
33,5,yes,1423,1446,this is a 10 sheet name
33,6,no,-1,-1,
33,7,no,-1,-1,
33,8,no,-1,-1,
33,9,no,-1,-1,
33,10,no,-1,-1,
33,11,yes,1423,1446,this is a 10 sheet name
34,0,yes,1448,1474,LT1.0 this is a sheet name
34,1,yes,1448,1453,LT1.0
34,2,no,-1,-1,
34,3,no,-1,-1,
34,4,yes,1453,1454, 
34,5,yes,1454,1474,this is a sheet name
34,6,no,-1,-1,
34,7,no,-1,-1,
34,8,no,-1,-1,
34,9,no,-1,-1,
34,10,no,-1,-1,
34,11,yes,1454,1474,this is a sheet name
35,0,yes,1475,1505,LT1.0 this is a sheet name.pdF
35,1,yes,1475,1480,LT1.0
35,2,no,-1,-1,
35,3,no,-1,-1,
35,4,yes,1480,1481, 
35,5,yes,1481,1505,this is a sheet name.pdF
35,6,no,-1,-1,
35,7,no,-1,-1,
35,8,no,-1,-1,
35,9,yes,1481,1501,this is a sheet name
35,10,yes,1501,1505,.pdF
36,0,yes,1507,1534,C1 this is a sheet name.PDF
36,1,yes,1507,1509,C1
36,2,no,-1,-1,
36,3,no,-1,-1,
36,4,yes,1509,1510, 
36,5,yes,1510,1534,this is a sheet name.PDF
36,6,no,-1,-1,
36,7,no,-1,-1,
36,8,no,-1,-1,
36,9,yes,1510,1530,this is a sheet name
36,10,yes,1530,1534,.PDF
37,0,yes,1535,1560,C1.0 this is a sheet name
37,1,yes,1535,1539,C1.0
37,2,no,-1,-1,
37,3,no,-1,-1,
37,4,yes,1539,1540, 
37,5,yes,1540,1560,this is a sheet name
37,6,no,-1,-1,
37,7,no,-1,-1,
37,8,no,-1,-1,
37,9,no,-1,-1,
37,10,no,-1,-1,
37,11,yes,1540,1560,this is a sheet name
38,0,yes,1561,1590,C1.0-0 This is a Test C10.Pdf
38,1,yes,1561,1567,C1.0-0
38,2,no,-1,-1,
38,3,no,-1,-1,
38,4,yes,1567,1568, 
38,5,yes,1568,1590,This is a Test C10.Pdf
38,6,no,-1,-1,
38,7,no,-1,-1,
38,8,no,-1,-1,
38,9,yes,1568,1586,This is a Test C10
38,10,yes,1586,1590,.Pdf
39,0,yes,1591,1619,C11 this is a sheet name.PdF
39,1,yes,1591,1594,C11
39,2,no,-1,-1,
39,3,no,-1,-1,
39,4,yes,1594,1595, 
39,5,yes,1595,1619,this is a sheet name.PdF
39,6,no,-1,-1,
39,7,no,-1,-1,
39,8,no,-1,-1,
39,9,yes,1595,1615,this is a sheet name
39,10,yes,1615,1619,.PdF
40,0,yes,1620,1650,C11.0 this is a sheet name.PDF
40,1,yes,1620,1625,C11.0
40,2,no,-1,-1,
40,3,no,-1,-1,
40,4,yes,1625,1626, 
40,5,yes,1626,1650,this is a sheet name.PDF
40,6,no,-1,-1,
40,7,no,-1,-1,
40,8,no,-1,-1,
40,9,yes,1626,1646,this is a sheet name
40,10,yes,1646,1650,.PDF
41,0,yes,1652,1679,L1 this is a sheet name.PDF
41,1,yes,1652,1654,L1
41,2,no,-1,-1,
41,3,no,-1,-1,
41,4,yes,1654,1655, 
41,5,yes,1655,1679,this is a sheet name.PDF
41,6,no,-1,-1,
41,7,no,-1,-1,
41,8,no,-1,-1,
41,9,yes,1655,1675,this is a sheet name
41,10,yes,1675,1679,.PDF
42,0,yes,1680,1705,L1.0 this is a sheet name
42,1,yes,1680,1684,L1.0
42,2,no,-1,-1,
42,3,no,-1,-1,
42,4,yes,1684,1685, 
42,5,yes,1685,1705,this is a sheet name
42,6,no,-1,-1,
42,7,no,-1,-1,
42,8,no,-1,-1,
42,9,no,-1,-1,
42,10,no,-1,-1,
42,11,yes,1685,1705,this is a sheet name
43,0,yes,1706,1739,L1.0-0 This is a 10 Test C10 .Pdf
43,1,yes,1706,1712,L1.0-0
43,2,no,-1,-1,
43,3,no,-1,-1,
43,4,yes,1712,1713, 
43,5,yes,1713,1739,This is a 10 Test C10 .Pdf
43,6,no,-1,-1,
43,7,no,-1,-1,
43,8,no,-1,-1,
43,9,yes,1713,1735,This is a 10 Test C10 
43,10,yes,1735,1739,.Pdf
44,0,yes,1740,1768,L11 this is a sheet name.PdF
44,1,yes,1740,1743,L11
44,2,no,-1,-1,
44,3,no,-1,-1,
44,4,yes,1743,1744, 
44,5,yes,1744,1768,this is a sheet name.PdF
44,6,no,-1,-1,
44,7,no,-1,-1,
44,8,no,-1,-1,
44,9,yes,1744,1764,this is a sheet name
44,10,yes,1764,1768,.PdF
45,0,yes,1769,1799,L11.0 this is a sheet name.PDF
45,1,yes,1769,1774,L11.0
45,2,no,-1,-1,
45,3,no,-1,-1,
45,4,yes,1774,1775, 
45,5,yes,1775,1799,this is a sheet name.PDF
45,6,no,-1,-1,
45,7,no,-1,-1,
45,8,no,-1,-1,
45,9,yes,1775,1795,this is a sheet name
45,10,yes,1795,1799,.PDF
46,0,yes,1800,1832,A A1.0-0 This is a Test A10 .pdf
46,1,yes,1800,1808,A A1.0-0
46,2,yes,1800,1801,A
46,3,yes,1802,1808,A1.0-0
46,4,yes,1808,1809, 
46,5,yes,1809,1832,This is a Test A10 .pdf
46,6,no,-1,-1,
46,7,no,-1,-1,
46,8,no,-1,-1,
46,9,yes,1809,1828,This is a Test A10 
46,10,yes,1828,1832,.pdf
47,0,yes,1833,1865,A A1-0-0 This is a Test A10 .pdf
47,1,yes,1833,1841,A A1-0-0
47,2,yes,1833,1834,A
47,3,yes,1835,1841,A1-0-0
47,4,yes,1841,1842, 
47,5,yes,1842,1865,This is a Test A10 .pdf
47,6,no,-1,-1,
47,7,no,-1,-1,
47,8,no,-1,-1,
47,9,yes,1842,1861,This is a Test A10 
47,10,yes,1861,1865,.pdf
48,0,yes,1867,1896,A1.0-0 This is a Test A10.pdf
48,1,yes,1867,1873,A1.0-0
48,2,no,-1,-1,
48,3,no,-1,-1,
48,4,yes,1873,1874, 
48,5,yes,1874,1896,This is a Test A10.pdf
48,6,no,-1,-1,
48,7,no,-1,-1,
48,8,no,-1,-1,
48,9,yes,1874,1892,This is a Test A10
48,10,yes,1892,1896,.pdf
49,0,yes,1897,1926,A1-0-0 This is a Test A10.pdf
49,1,yes,1897,1903,A1-0-0
49,2,no,-1,-1,
49,3,no,-1,-1,
49,4,yes,1903,1904, 
49,5,yes,1904,1926,This is a Test A10.pdf
49,6,no,-1,-1,
49,7,no,-1,-1,
49,8,no,-1,-1,
49,9,yes,1904,1922,This is a Test A10
49,10,yes,1922,1926,.pdf
50,0,yes,1928,1959,A A1.0-0-This is a Test A10.pdf
50,1,yes,1928,1941,A A1.0-0-This
50,2,yes,1928,1929,A
50,3,yes,1930,1941,A1.0-0-This
50,4,yes,1941,1942, 
50,5,yes,1942,1959,is a Test A10.pdf
50,6,no,-1,-1,
50,7,no,-1,-1,
50,8,no,-1,-1,
50,9,yes,1942,1955,is a Test A10
50,10,yes,1955,1959,.pdf
51,0,yes,1960,1991,A A1-0-0-This is a Test A10.pdf
51,1,yes,1960,1973,A A1-0-0-This
51,2,yes,1960,1961,A
51,3,yes,1962,1973,A1-0-0-This
51,4,yes,1973,1974, 
51,5,yes,1974,1991,is a Test A10.pdf
51,6,no,-1,-1,
51,7,no,-1,-1,
51,8,no,-1,-1,
51,9,yes,1974,1987,is a Test A10
51,10,yes,1987,1991,.pdf
52,0,yes,1993,2022,A1.0-0-This is a Test A10.pdf
52,1,yes,1993,1999,A1.0-0
52,2,no,-1,-1,
52,3,no,-1,-1,
52,4,yes,1999,2000,-
52,5,yes,2000,2022,This is a Test A10.pdf
52,6,no,-1,-1,
52,7,no,-1,-1,
52,8,no,-1,-1,
52,9,yes,2000,2018,This is a Test A10
52,10,yes,2018,2022,.pdf
53,0,yes,2023,2052,A1-0-0-This is a Test A10.pdf
53,1,yes,2023,2029,A1-0-0
53,2,no,-1,-1,
53,3,no,-1,-1,
53,4,yes,2029,2030,-
53,5,yes,2030,2052,This is a Test A10.pdf
53,6,no,-1,-1,
53,7,no,-1,-1,
53,8,no,-1,-1,
53,9,yes,2030,2048,This is a Test A10
53,10,yes,2048,2052,.pdf
54,0,yes,2054,2087,A A1.0-0 - This is a Test A10.pdf
54,1,yes,2054,2062,A A1.0-0
54,2,yes,2054,2055,A
54,3,yes,2056,2062,A1.0-0
54,4,yes,2062,2065, - 
54,5,yes,2065,2087,This is a Test A10.pdf
54,6,no,-1,-1,
54,7,no,-1,-1,
54,8,no,-1,-1,
54,9,yes,2065,2083,This is a Test A10
54,10,yes,2083,2087,.pdf
55,0,yes,2088,2121,A A1-0-0 - This is a Test A10.pdf
55,1,yes,2088,2096,A A1-0-0
55,2,yes,2088,2089,A
55,3,yes,2090,2096,A1-0-0
55,4,yes,2096,2099, - 
55,5,yes,2099,2121,This is a Test A10.pdf
55,6,no,-1,-1,
55,7,no,-1,-1,
55,8,no,-1,-1,
55,9,yes,2099,2117,This is a Test A10
55,10,yes,2117,2121,.pdf
56,0,yes,2123,2154,A1.0-0 - This is a Test A10.pdf
56,1,yes,2123,2129,A1.0-0
56,2,no,-1,-1,
56,3,no,-1,-1,
56,4,yes,2129,2132, - 
56,5,yes,2132,2154,This is a Test A10.pdf
56,6,no,-1,-1,
56,7,no,-1,-1,
56,8,no,-1,-1,
56,9,yes,2132,2150,This is a Test A10
56,10,yes,2150,2154,.pdf
57,0,yes,2155,2186,A1-0-0 - This is a Test A10.pdf
57,1,yes,2155,2161,A1-0-0
57,2,no,-1,-1,
57,3,no,-1,-1,
57,4,yes,2161,2164, - 
57,5,yes,2164,2186,This is a Test A10.pdf
57,6,no,-1,-1,
57,7,no,-1,-1,
57,8,no,-1,-1,
57,9,yes,2164,2182,This is a Test A10
57,10,yes,2182,2186,.pdf
58,0,yes,2188,2220,A1-0-0a - This is a Test A10.pdf
58,1,yes,2188,2195,A1-0-0a
58,2,no,-1,-1,
58,3,no,-1,-1,
58,4,yes,2195,2198, - 
58,5,yes,2198,2220,This is a Test A10.pdf
58,6,no,-1,-1,
58,7,no,-1,-1,
58,8,no,-1,-1,
58,9,yes,2198,2216,This is a Test A10
58,10,yes,2216,2220,.pdf
59,0,yes,2221,2251,A1-0-0a This is a Test A10.pdf
59,1,yes,2221,2228,A1-0-0a
59,2,no,-1,-1,
59,3,no,-1,-1,
59,4,yes,2228,2229, 
59,5,yes,2229,2251,This is a Test A10.pdf
59,6,no,-1,-1,
59,7,no,-1,-1,
59,8,no,-1,-1,
59,9,yes,2229,2247,This is a Test A10
59,10,yes,2247,2251,.pdf
